Keyword,Seed,Google Domain
comment chier quand on est amoureux,comment * +chien,https://www.google.fr
comment chier dans les bois,comment * +chien,https://www.google.fr
comment chinter l'electrovanne d'une clio 2,comment * +chien,https://www.google.fr
comment ching shih est elle morte,comment * +chien,https://www.google.fr
comment chinter un ludix,comment * +chien,https://www.google.fr
comment shunter antidemarrage 206 diesel,comment * +chien,https://www.google.fr
comment shunter un neiman de tondeuse,comment * +chien,https://www.google.fr
comment chiner une meuf sur facebook,comment * +chien,https://www.google.fr
comment chiner un meuble,comment * +chien,https://www.google.fr
comment chimène badi a perdu du poids,comment * +chien,https://www.google.fr
comment chiner,comment * +chien,https://www.google.fr
comment 1 cheminée peut prendre feu,comment 1 +chien,https://www.google.fr
comment a cheat code iptv,comment a +chien,https://www.google.fr
comment chien attrape vers,comment c +chien,https://www.google.fr
comment la chienne laika est morte,comment l +chien,https://www.google.fr
comment le chien supporte t il la solitude,comment l +chien,https://www.google.fr
comment le chien ressent sa douleur,comment l +chien,https://www.google.fr
comment le chien attrape la teigne,comment l +chien,https://www.google.fr
comment le chien attrape des puces,comment l +chien,https://www.google.fr
comment le chien debusque le lapin,comment l +chien,https://www.google.fr
comment le chien devint l'ennemi du chat cp,comment l +chien,https://www.google.fr
comment le chien devint l'ennemi du chat,comment l +chien,https://www.google.fr
comment le chien voit,comment l +chien,https://www.google.fr
comment le chien choisit son maître,comment l +chien,https://www.google.fr
comment le chien passe l'hiver,comment l +chien,https://www.google.fr
comment schinter un ventilateur de megane,comment s +chien,https://www.google.fr
comment un chien manifest sa joie,comment u +chien,https://www.google.fr
comment un chien attrape une otite,comment u +chien,https://www.google.fr
comment un chien devient -propre,comment u +chien,https://www.google.fr
comment un chien voit,comment u +chien,https://www.google.fr
comment un chien reconnaît son maître,comment u +chien,https://www.google.fr
comment un chien devient propre,comment u +chien,https://www.google.fr
comment un chien prouve son affection,comment u +chien,https://www.google.fr
comment un chien attrape la gale,comment u +chien,https://www.google.fr
comment un chien,comment u +chien,https://www.google.fr
comment un chien attrape la rage,comment u +chien,https://www.google.fr
comment un chien choisit son maître,comment u +chien,https://www.google.fr
comment un chien attrape des puces,comment u +chien,https://www.google.fr